Time,Vm for Node #0,Vm for Node #1,
0.0,-65.00003242671683,-65.00003242671683
0.01,-65.00006366229988,-65.00006366229988
0.02,-65.00009376020567,-65.00009376020567
0.03,-65.00012277139939,-65.00012277139939
0.04,-65.00015074447091,-65.00015074447091
0.05,-65.00017772574546,-65.00017772574546
0.06,-65.00020375938912,-65.00020375938912
0.07,-65.00022888750946,-65.00022888750946
0.08,-65.00025315025147,-65.00025315025147
0.09,-65.00027658588903,-65.00027658588903
0.1,-64.80029923091219,-65.00029923091219
0.11,-64.6018091437835,-65.000187786777
0.12,-64.40476223125879,-64.99994435957228
0.13,-64.2091165612491,-64.99957098546537
0.14,-64.0148320326399,-64.99906963413396
0.15,-63.821870085741764,-64.99844221187709
0.16,-63.63019344723055,-64.99769056443827
0.17,-63.439765904419154,-64.9968164795694
0.18,-63.250552104517666,-64.99582168936004
0.19,-63.0625173752142,-64.99470787235364
0.2,-62.87562756346982,-64.99347665546935
0.21,-62.689848889888864,-64.99212961574587
0.22,-62.50514781641601,-64.99066828192174
0.23,-62.32149092543791,-64.98909413586465
0.24,-62.138844808640286,-64.98740861386094
0.25,-61.95717596420089,-64.98561310777522
0.26,-61.776450701090866,-64.98370896608878
0.27,-61.596635049418914,-64.98169749482452
0.28,-61.41769467588878,-64.9795799583653
0.29,-61.239594803554525,-64.97735758017194
0.3,-61.062300135154324,-64.97503154340598
0.31,-60.88577477938398,-64.97260299146242
0.32,-60.709982179538635,-64.9700730284165
0.33,-60.534885044007346,-64.96744271938819
0.34,-60.36044527815166,-64.96471309082806
0.35000000000000003,-60.186623917137545,-64.96188513072713
0.36,-60.01338105932103,-64.95895978875346
0.37,-59.84067579981254,-64.95593797631753
0.38,-59.66846616386432,-64.95282056656833
0.39,-59.49670903973951,-64.94960839432179
0.4,-59.32536011073133,-64.94630225592257
0.41000000000000003,-59.154373786007234,-64.94290290904051
0.42,-58.983703129954684,-64.939411072402
0.43,-58.81329978970482,-64.93582742545708
0.44,-58.64311392050592,-64.9321526079822
0.45,-58.47309410861152,-64.92838721961854
0.46,-58.30318729133829,-64.92453181934546
0.47000000000000003,-58.13333867393576,-64.92058692488851
0.48,-57.963491642894695,-64.91655301206106
0.49,-57.7935876753024,-64.91243051403816
0.5,-57.62356624383205,-64.90821982056131
0.51,-57.453364716928995,-64.90392127707219
0.52,-57.28291825372958,-64.8995351837733
0.53,-57.11215969321775,-64.89506179461306
0.54,-56.9410194370905,-64.89050131619241
0.55,-56.76942532576578,-64.88585390659001
0.56,-56.59730250692483,-64.8811196741022
0.5700000000000001,-56.42457329593515,-64.87629867589392
0.58,-56.251157027449864,-64.8713909165563
0.59,-56.07696989742371,-64.86639634656572
0.6,-56.101924794725036,-64.86131486063935
0.61,-56.12428022778265,-64.85627962931433
0.62,-56.14407579342254,-64.85128824815332
0.63,-56.16135365319775,-64.84633838078207
0.64,-56.17615807371615,-64.84142775868523
0.65,-56.18853499700748,-64.83655418076955
0.66,-56.19853164112314,-64.83171551271289
0.67,-56.206196130770934,-64.82690968611736
0.68,-56.21157715746179,-64.82213469748521
0.6900000000000001,-56.21472366837946,-64.8173886070353
0.7000000000000001,-56.215684582971384,-64.81266953737783
0.71,-56.214508536093064,-64.80797567206403
0.72,-56.21124364641384,-64.80330525402691
0.73,-56.20593730870347,-64.79865658392823
0.74,-56.198636008561465,-64.79402801842596
0.75,-56.189385158120345,-64.78941796837542
0.76,-56.17822895124509,-64.78482489697643
0.77,-56.16521023676132,-64.78024731787791
0.78,-56.150370408269744,-64.77568379324995
0.79,-56.13374930914181,-64.77113293183314
0.8,-56.115385151338536,-64.76659338697314
0.81,-56.09531444674855,-64.76206385464856
0.8200000000000001,-56.07357194980113,-64.7575430714984
0.8300000000000001,-56.0501906101727,-64.75302981285529
0.84,-56.02520153447078,-64.74852289078945
0.85,-55.998633955844966,-64.74402115216797
0.86,-55.97051521054058,-64.73952347673313
0.87,-55.94087072047543,-64.73502877520266
0.88,-55.90972398098303,-64.73053598739502
0.89,-55.87709655292682,-64.72604408038109
0.9,-55.84300805844794,-64.72155204666446
0.91,-55.80747617966462,-64.71705890239082
0.92,-55.77051665969324,-64.71256368558763
0.93,-55.73214330541016,-64.70806545443396
0.9400000000000001,-55.69236799141852,-64.70356328556085
0.9500000000000001,-55.651200664726694,-64.69905627238147
0.96,-55.60864934968316,-64.69454352345078
0.97,-55.564720152748144,-64.69002416085353
0.98,-55.519417266713965,-64.68549731861972
0.99,-55.472742974014864,-64.68096214116599
1.0,-55.42469764879242,-64.67641778176151
1.01,-55.37527975740513,-64.67186340101672
1.02,-55.32448585709029,-64.66729816539286
1.03,-55.272310592502826,-64.66272124573055
1.04,-55.21874668986984,-64.65813181579506
1.05,-55.163784948510724,-64.65352905083601
1.06,-55.10741422948168,-64.64891212615926
1.07,-55.04962144110952,-64.6442802157082
1.08,-54.990391521183916,-64.63963249065213
1.09,-54.929707415578385,-64.63496811797859
1.1,-54.8675500530701,-64.63028625908719
1.11,-54.80389831612543,-64.62558606838168
1.12,-54.73872900741304,-64.62086669185732
1.1300000000000001,-54.672016811799175,-64.6161272656802
1.1400000000000001,-54.603734253569996,-64.61136691475544
1.1500000000000001,-54.533851648614366,-64.60658475128051
1.16,-54.46233705128608,-64.60177987328032
1.17,-54.38915619564835,-64.59695136312023
1.18,-54.314272430784456,-64.592098285993
1.19,-54.23764664983705,-64.58721968837588
1.2,-54.159237212414624,-64.58231459645324
1.21,-54.078999859976754,-64.57738201450057
1.22,-53.99688762378011,-64.57242092322501
1.23,-53.912850724933904,-64.56743027805757
1.24,-53.826836466077374,-64.5624090073919
1.25,-53.73878911415169,-64.55735601076407
1.26,-53.648649773694686,-64.55227015696768
1.27,-53.55635625003842,-64.54715028209823
1.28,-53.461842901736794,-64.54199518752021
1.29,-53.3650404814921,-64.53680363775015
1.3,-53.265875964786005,-64.53157435824828
1.31,-53.164272365350556,-64.52630603311101
1.32,-53.060148536538605,-64.52099730265614
1.33,-52.953418957569156,-64.51564676089164
1.34,-52.84399350353157,-64.5102529528588
1.35,-52.73177719793193,-64.50481437183946
1.36,-52.616669946454536,-64.49932945641648
1.37,-52.498566250490406,-64.49379658737575
1.3800000000000001,-52.377354898851955,-64.48821408443715
1.3900000000000001,-52.252918635946756,-64.48258020280083
1.4000000000000001,-52.12513380452315,-64.47689312949446
1.41,-51.99386996092397,-64.47115097950525
1.42,-51.858989460590756,-64.46535179168019
1.43,-51.7203470113472,-64.4594935243756
1.44,-51.57778919175578,-64.4535740508364
1.45,-51.43115393158229,-64.44759115428322
1.46,-51.280269951118036,-64.4415425226841
1.47,-51.124956155794735,-64.43542574318505
1.48,-50.96502098218045,-64.42923829617199
1.49,-50.800261691062474,-64.4229775489338
1.5,-50.63046360290107,-64.41664074889387
1.51,-50.455399270472306,-64.4102250163742
1.52,-50.27482758300484,-64.40372733685335
1.53,-50.088492795548355,-64.39714455267558
1.54,-49.896123476686476,-64.39047335416494
1.55,-49.6974313670174,-64.38371027009354
1.56,-49.49211014006536,-64.37685165744868
1.57,-49.27983405644899,-64.36989369043819
1.58,-49.06025650121121,-64.36283234866778
1.59,-48.833008393201766,-64.35566340441768
1.6,-48.59769645429176,-64.34838240893912
1.61,-48.35390132497979,-64.34098467768342
1.62,-48.10117551161648,-64.33346527436825
1.6300000000000001,-47.83904114901964,-64.32581899377608
1.6400000000000001,-47.56698756067145,-64.31804034317011
1.6500000000000001,-47.284468596977774,-64.31012352220154
1.6600000000000001,-46.990899730226026,-64.30206240116998
1.67,-46.68565488290536,-64.2938504974854
1.68,-46.36806296395869,-64.28548095016549
1.69,-46.037404085335915,-64.2769464921865
1.7,-45.69290542893791,-64.26823942048814
1.71,-45.333736731720904,-64.25935156341491
1.72,-44.95900535443008,-64.25027424535558
1.73,-44.56775089723328,-64.24099824832174
1.74,-44.15893932354728,-64.23151377018283
1.75,-43.73145655175128,-64.22181037925164
1.76,-43.28410147348125,-64.21187696488913
1.77,-42.81557835708667,-64.20170168377193
1.78,-42.32448859599393,-64.19127190144063
1.79,-41.80932176466912,-64.18057412872265
1.8,-41.268445950276245,-64.16959395260099
1.81,-40.70009733685702,-64.15831596108143
1.82,-40.10236903204824,-64.1467236615985
1.83,-39.47319914546257,-64.13479939249608
1.84,-38.81035815476817,-64.12252422712753
1.85,-38.111435632614764,-64.1098778701469
1.86,-37.37382645793359,-64.09683854561347
1.87,-36.59471670267082,-64.08338287661606
1.8800000000000001,-35.7710694746085,-64.06948575625206
1.8900000000000001,-34.89961111474765,-64.05512020998252
1.9000000000000001,-33.97681830147357,-64.04025724964896
1.9100000000000001,-32.99890681292627,-64.02486571980157
1.92,-31.961822955333464,-64.00891213748217
1.93,-30.86123899258727,-63.992360527266584
1.94,-29.692554327543895,-63.97517225424457
1.95,-28.45090470690129,-63.95730585875948
1.96,-27.13118236826465,-63.93871689821204
1.97,-25.728070837062525,-63.919357803134474
1.98,-24.23609902118778,-63.89917775715437
1.99,-22.64972033327976,-63.87812261348888
2.0,-20.96342375062393,-63.856134864329036
2.0100000000000002,-19.17188489836071,-63.83315368395147
2.02,-17.270166219977853,-63.80911507162201
2.0300000000000002,-15.253975758363795,-63.7839521261954
2.04,-13.119993525422837,-63.75759549041805
2.05,-10.866272220491913,-63.72997400863473
2.06,-8.492714340771306,-63.70101564577594
2.07,-6.001619623083627,-63.67064871650679
2.08,-3.398284526251711,-63.63880346902027
2.09,-0.6916188639990466,-63.60541405545178
2.1,2.105275536916403,-63.57042089743071
2.11,4.974640898229056,-63.53377341853348
2.12,7.893809826733344,-63.49543306454361
2.13,10.835267334518312,-63.45537646944003
2.14,13.767127508350661,-63.41359855598883
2.15,16.654094345289778,-63.37011529560795
2.16,19.45892056292787,-63.32496580809428
2.17,22.144299584316688,-63.27821347517616
2.18,24.675036506624828,-63.22994578763151
2.19,27.020263971935552,-63.180272750644136
2.2,29.155422419574336,-63.12932382934564
2.21,31.063730901538005,-63.077243603389284
2.22,32.736941270085936,-63.02418648028305
2.23,34.17528380869865,-62.970310952203015
2.24,35.38664866736592,-62.91577393810683
2.25,36.385169818722574,-62.860725718821186
2.2600000000000002,37.189456825535665,-62.80530585744447
2.27,37.82073991971274,-62.749640330741734
2.2800000000000002,38.301159711859974,-62.69383991852776
2.29,38.65236254874634,-62.63799974366657
2.3000000000000003,38.89447996484046,-62.582199749106216
2.31,39.04549664808357,-62.52650584806789
2.32,39.12095846880428,-62.470971482935816
2.33,39.133943948697734,-62.415639363023175
2.34,39.09521580637199,-62.36054320445927
2.35,39.01347723713932,-62.3057093525202
2.36,38.895673280323415,-62.251158217944464
2.37,38.747295312992705,-62.19690549908011
2.38,38.572662750247844,-62.1429631898755
2.39,38.3751686897179,-62.089340390956586
2.4,38.157485142456025,-62.03604394968305
2.41,37.92172906798499,-61.98307895772048
2.42,37.669593434208565,-61.930449133577135
2.43,37.402448744773054,-61.8781571144788
2.44,37.12142059109378,-61.82620467809751
2.45,36.82744829791198,-61.77459291075334
2.46,36.52132898030275,-61.72332233517487
2.47,36.2037505243059,-61.67239300790406
2.48,35.875316255088734,-61.62180459399697
2.49,35.53656341552565,-61.5715564247587
2.5,35.18797705678774,-61.521647542783164
2.5100000000000002,34.83000053369769,-61.47207673746173
2.52,34.46304348525468,-61.42284257330066
2.5300000000000002,34.08748794663605,-61.37394341277963
2.54,33.70369306596199,-61.325377435036785
2.5500000000000003,33.311998772471306,-61.27714265133947
2.56,32.912728650647,-61.22923691805987
2.57,32.506192208053264,-61.181657947699186
2.58,32.09268667626463,-61.13440331837424
2.59,31.672498449154673,-61.08747048208409
2.6,31.24590423723042,-61.040856772002286
2.61,30.81317199795528,-60.994559408986014
2.62,30.37456168817173,-60.94857550745227
2.63,29.930325874439802,-60.902902080739175
2.64,29.480710229372573,-60.85753604604628
2.65,29.025953936179636,-60.81247422902818
2.66,28.566290019127614,-60.76771336810093
2.67,28.101945614138952,-60.72325011850835
2.68,27.63314219102016,-60.67908105618614
2.69,27.16009573665358,-60.63520268145354
2.7,26.683016906766824,-60.59161142255655
2.71,26.202111152511687,-60.54830363908121
2.72,25.717578826965337,-60.50527562525185
2.73,25.229615275754337,-60.46252361312537
2.74,24.73841091525499,-60.42004377569056
2.75,24.244151301208134,-60.37783222987871
2.7600000000000002,23.747017190078104,-60.335885039490485
2.77,23.24718459506358,-60.29419821804225
2.7800000000000002,22.744824838317655,-60.25276773153426
2.79,22.24010460064213,-60.211589501141994
2.8000000000000003,21.733185969677518,-60.170659405831245
2.81,21.22422648740665,-60.12997328489727
2.82,20.713379197620128,-60.08952694042753
2.83,20.200792693849888,-60.04931613968766
2.84,19.686611168159082,-60.0093366174297
2.85,19.170974461077975,-59.969584078121876
2.86,18.654018112893795,-59.93005419809879
2.87,18.135873416434762,-59.890742627631134
2.88,17.61666747143266,-59.8516449929139
2.89,17.096523240502375,-59.81275689797206
2.9,16.575559606739404,-59.77407392648298
2.91,16.053891432906017,-59.7355916435146
2.92,15.531629622152376,-59.6973055971788
2.93,15.00888118019966,-59.659211320199184
2.94,14.485749278897192,-59.621304331393006
2.95,13.962333321054084,-59.58358013706659
2.96,13.438729006437454,-59.54603423232417
2.97,12.915028398823178,-59.50866210228986
2.98,12.391319993981275,-59.47145922324278
2.99,11.867688788475672,-59.43442106366528
3.0,11.344216349157303,-59.39754308520455
3.0100000000000002,10.820980883229709,-59.3608207435477
3.02,10.298057308767461,-59.32424948921075
3.0300000000000002,9.775517325569599,-59.28782476824196
3.04,9.253429486232672,-59.25154202283985
3.0500000000000003,8.731859267330828,-59.21539669188664
3.06,8.210869140593383,-59.17938421139762
3.0700000000000003,7.690518643973719,-59.14350001488717
3.08,7.170864452506576,-59.107739533652136
3.09,6.651960448854357,-59.072098196973414
3.1,6.133857793446245,-59.03657143223638
3.11,5.616604994117339,-59.00115466497119
3.12,5.100247975158034,-58.96584331881372
3.13,4.584830145686782,-58.930632815387995
3.14,4.070392467262211,-58.895518574111094
3.15,3.5569735206529423,-58.86049601192135
3.16,3.0446095716857418,-58.825560542930795
3.17,2.533334636094561,-58.790707578002745
3.18,2.023180543294699,-58.755932524255414
3.19,1.5141769990076936,-58.72123078449245
3.2,1.0063516466635414,-58.68659775656128
3.21,0.4997301275076551,-58.65202883264009
3.22,-0.005663860659626763,-58.61751939845435
3.23,-0.5098085061830905,-58.58306483242357
3.24,-1.0126838277645018,-58.54866050473924
3.25,-1.5142716202590627,-58.51430177637461
3.2600000000000002,-2.0145554021300223,-58.47998399802703
3.27,-2.513520364636101,-58.445702508993655
3.2800000000000002,-3.0111533228277407,-58.411452635981085
3.29,-3.5074426684297757,-58.37722969184963
3.3000000000000003,-4.002378324689984,-58.34302897429276
3.31,-4.49595170327504,-58.30884576445234
3.3200000000000003,-4.988155663297614,-58.274675325470206
3.33,-5.478984472560808,-58.24051290097639
3.34,-5.968433771108615,-58.206353713514744
3.35,-6.456500537173797,-58.172192962906045
3.36,-6.943183055617223,-58.1380258245492
3.37,-7.428480888955434,-58.10384744766073
3.38,-7.91239485107593,-58.06965295345285
3.39,-8.394926983742277,-58.03543743325038
3.4,-8.876080535993639,-58.00119594654673
3.41,-9.35585994654568,-57.96692351899899
3.42,-9.834270829301829,-57.932615140362344
3.43,-10.311319962085784,-57.89826576236376
3.44,-10.787015278707523,-57.86387029651501
3.45,-11.261365864476115,-57.82942361186491
3.46,-11.734381955273244,-57.794920532690746
3.47,-12.206074940301292,-57.76035583612859
3.48,-12.676457368619273,-57.72572424974236
3.49,-13.145542959578622,-57.69102044903129
3.5,-13.613346617268832,-57.65623905487536
3.5100000000000002,-14.079884449080101,-57.62137463091829
3.52,-14.545173788486528,-57.58642168088755
3.5300000000000002,-15.009233222148781,-57.55137464585065
3.54,-15.472082621429664,-57.51622790140704
3.5500000000000003,-15.93374317840952,-57.4809757548147
3.56,-16.394237446480794,-57.44561244205048
3.5700000000000003,-16.853589385592592,-57.410132124803006
3.58,-17.31182441220634,-57.374528887396934
3.59,-17.768969454012986,-57.33879673364711
3.6,-18.225053009450328,-57.302929583640996
3.61,-18.680105212046367,-57.26692127044764
3.62,-19.134157899600492,-57.230765536751136
3.63,-19.587244688199625,-57.19445603140636
3.64,-20.039401051050604,-57.15798630591458
3.65,-20.490664402093227,-57.12134981081609
3.66,-20.941074184340923,-57.084539891997046
3.67,-21.390671962877498,-57.04754978690696
3.68,-21.839501522419255,-57.010372620683476
3.69,-22.28760896933184,-56.973001402180174
3.7,-22.73504283797048,-56.93542901989321
3.71,-23.181854201191065,-56.89764823778196
3.72,-23.628096784857306,-56.85965169097839
3.73,-24.07382708614643,-56.82143188137958
3.74,-24.51910449543229,-56.782981173117136
3.75,-24.963991421499966,-56.74429178789682
3.7600000000000002,-25.408553419820134,-56.70535580020112
3.77,-25.852859323584337,-56.66616513234688
3.7800000000000002,-26.296981377173115,-56.62671154938951
3.79,-26.740995371697952,-56.586986653864486
3.8000000000000003,-27.184980782224095,-56.54698188035632
3.81,-27.629020906244243,-56.50668848988422
3.8200000000000003,-28.073203002932072,-56.466097564092955
3.83,-28.51761843265859,-56.425199999236455
3.84,-28.96236279620276,-56.3839864999408
3.85,-29.407536073029,-56.342447572732205
3.86,-29.853242757937515,-56.300573519314575
3.87,-30.299591995316803,-56.25835442957983
3.88,-30.746697710139934,-56.21578017433325
3.89,-31.194678734745423,-56.17284039771437
3.9,-31.64365893032758,-56.1295245092928
3.91,-32.09376730192815,-56.085821675816455
3.92,-32.545138105568405,-56.04172081258801
3.93,-32.997910945985836,-55.99721057444366
3.94,-33.45223086323999,-55.952279346305815
3.95,-33.90824840622393,-55.90691523327937
3.96,-34.36611969085922,-55.86110605025851
3.97,-34.826006440458784,-55.81483931100833
3.98,-35.288076005410915,-55.768102216682315
3.99,-35.752501358964956,-55.720881643733726
4.0,-36.219461065481184,-55.673164131174794
4.01,-36.68913921704076,-55.6249358671339
4.0200000000000005,-37.16172533379257,-55.57618267465627
4.03,-37.637414222838814,-55.52688999668873
4.04,-38.11640578982793,-55.47704288018363
4.05,-38.598904796728775,-55.42662595925109
4.0600000000000005,-39.08512055850288,-55.3756234372819
4.07,-39.57526657057149,-55.324019067956286
4.08,-40.069560058091845,-55.27179613504559
4.09,-40.568221437116215,-55.21893743090528
4.1,-41.07147367671322,-55.16542523354777
4.11,-41.579541550092465,-55.11124128217348
4.12,-42.092650761704476,-55.05636675102656
4.13,-42.611026936205896,-55.00078222142977
4.14,-43.13489445410985,-54.9444676518393
4.15,-43.6644751179154,-54.887402345745734
4.16,-44.19998663156985,-54.829564917232275
4.17,-44.74164087531495,-54.770933253984225
4.18,-45.28964195736908,-54.71148447752669
4.19,-45.84418402358082,-54.65119490044881
4.2,-46.405448806252906,-54.590039980353794
4.21,-46.97360289389397,-54.52799427025425
4.22,-47.54879470484577,-54.465031365112296
4.23,-48.131151149712906,-54.401123844204086
4.24,-48.72077397047144,-54.33624320896863
4.25,-49.317735748254506,-54.27035981598261
4.26,-49.92207557732841,-54.20344280468572
4.2700000000000005,-50.533794409918514,-54.13546001946711
4.28,-51.15285008556372,-54.06637792571212
4.29,-51.77915206980928,-53.99616151940243
4.3,-52.412555940506294,-53.924774229861704
4.3100000000000005,-53.05285767594238,-53.852177815245234
4.32,-53.6997878175763,-53.77833225038674
4.33,-54.35300560127083,-53.7031956066402
4.34,-55.01209317443341,-53.626723923390706
4.3500000000000005,-55.676550041993764,-53.54887107095695
4.36,-56.345787911010575,-53.46958860467051
4.37,-57.01912613091926,-53.38882560999379
4.38,-57.69578795264256,-53.30652853862922
4.39,-58.37489785320119,-53.22264103567675
4.4,-59.055480190871315,-53.13710375801117
4.41,-59.736459466728746,-53.04985418417395
4.42,-60.416662468676996,-52.96082641619818
4.43,-61.0948225607076,-52.86995097390504
4.44,-61.769586350211924,-52.777154582315234
4.45,-62.439522917107126,-52.68235995289854
4.46,-63.10313571864839,-52.585485559426644
4.47,-63.75887719267146,-52.48644540918453
4.48,-64.4051659710074,-52.385148810220485
4.49,-65.04040648746319,-52.28150013516122
4.5,-65.66301062699415,-52.175398581876344
4.51,-66.27142092281758,-52.06673793093889
4.5200000000000005,-66.8641346765715,-51.955406299394575
4.53,-67.43972826484507,-51.84128588982804
4.54,-67.99688081532362,-51.724252733112074
4.55,-68.53439639803311,-51.604176422566155
4.5600000000000005,-69.05122388968003,-51.48091983656172
4.57,-69.54647373574487,-51.354338845923316
4.58,-70.01943095463528,-51.224282001822914
4.59,-70.46956389425097,-51.090590199279426
4.6000000000000005,-70.89652845212466,-50.953096310885726
4.61,-71.30016769035525,-50.81162478500888
4.62,-71.68050699817793,-50.66599120245456
4.63,-72.03774516054447,-50.51600178545004
4.64,-72.37224186492278,-50.361452852765325
4.65,-72.68450230892275,-50.20213021483415
4.66,-72.97515965153856,-50.03780850282069
4.67,-73.24495607931955,-49.86825042566782
4.68,-73.49472323913102,-49.69320594921908
4.69,-73.72536272877092,-49.51241139149413
4.7,-73.93782724556432,-49.325588428086114
4.71,-74.133102882263,-49.13244300141464
4.72,-74.31219293998595,-48.932664127195274
4.73,-74.4761035091103,-48.725922590964494
4.74,-74.62583095855796,-48.51186952682786
4.75,-74.76235137715703,-48.29013486977823
4.76,-74.8866119307955,-48.06032567196836
4.7700000000000005,-74.99952403706052,-47.82202427222458
4.78,-75.1019582145386,-47.57478630686535
4.79,-75.19474043538207,-47.31813854854992
4.8,-75.2786497948862,-47.05157655843838
4.8100000000000005,-75.35441730810601,-46.77456213540535
4.82,-75.42272564838825,-46.48652054442853
4.83,-75.48420965368723,-46.18683750458461
4.84,-75.53945744156012,-45.87485591534851
4.8500000000000005,-75.58901199104463,-45.54987229813436
4.86,-75.63337306782165,-45.21113292827356
4.87,-75.67299938712125,-44.857829630947954
4.88,-75.7083109260115,-44.48909521305217
4.89,-75.73969131254063,-44.10399850164178
4.9,-75.76749023341519,-43.70153895865897
4.91,-75.79202581437715,-43.28064084117972
4.92,-75.81358693819035,-42.84014687671799
4.93,-75.83243547424078,-42.37881142443988
4.94,-75.8488084013227,-41.89529309586055
4.95,-75.8629198113776,-41.38814681320509
4.96,-75.87496278694292,-40.85581529073755
4.97,-75.88511114901723,-40.29661993480249
4.98,-75.8935210751172,-39.708751173104304
4.99,-75.90033258963622,-39.090258244170286
5.0,-75.90567093034691,-38.43903850564629
5.01,-75.90964779613806,-37.7528263571251
5.0200000000000005,-75.91236248194386,-37.0291819221959
5.03,-75.91390290739919,-36.26547969855366
5.04,-75.91434654611801,-35.45889746832062
5.05,-75.9137612627094,-34.606405868136
5.0600000000000005,-75.91220606477948,-33.70475915609191
5.07,-75.90973177726998,-32.750487887528635
5.08,-75.90638164660677,-31.739894432755612
5.09,-75.9021918823229,-30.669052547096396
5.1000000000000005,-75.89719214412716,-29.533812548720444
5.11,-75.89140598286282,-28.329814084676986
5.12,-75.88485124448988,-27.05250898187794
5.13,-75.87754044718575,-25.69719729561111
5.14,-75.86948114294319,-24.259080383428184
5.15,-75.86067627670269,-22.733335630702776
5.16,-75.85112455812182,-21.11521829119296
5.17,-75.84082086355777,-19.400196691463737
5.18,-75.82975668866598,-17.58412762463041
5.19,-75.8179206750374,-15.663478877958335
5.2,-75.80529923720235,-13.635605140511545
5.21,-75.79187731859494,-11.499081544750085
5.22,-75.77763930589771,-9.254095242018353
5.23,-75.7625701294529,-6.902889114106128
5.24,-75.74665657171258,-4.450242533779068
5.25,-75.72988879438363,-1.9039619266158958
5.26,-75.71226207644703,0.7246606486414442
5.2700000000000005,-75.69377872853312,3.4204779886925247
5.28,-75.67445011428057,6.164277608120273
5.29,-75.65429866823438,8.932808323049219
5.3,-75.63335975702802,11.699116946138636
5.3100000000000005,-75.61168319338316,14.433249085142261
5.32,-75.5893341905748,17.103330853580903
5.33,-75.56639354902744,19.67699501387413
5.34,-75.54295690534018,22.123052784770106
5.3500000000000005,-75.51913295070025,24.41325368169235
5.36,-75.49504063533493,26.523935739036244
5.37,-75.4708055036004,28.437361237075653
5.38,-75.4465554276539,30.14256580382368
5.39,-75.42241610050412,31.635617997482687
5.4,-75.39850668989288,32.919277716676476
5.41,-75.3749360323636,34.00213357553141
5.42,-75.35179966633646,34.89737028504613
5.43,-75.32917788211023,35.6213526895248
5.44,-75.30713483161496,36.192210010658734
5.45,-75.28571861787553,36.62856921707276
5.46,-75.26496219323174,36.94853395456926
5.47,-75.24488484563595,37.168949972601496
5.48,-75.22549404263219,37.30495104261128
5.49,-75.20678742424029,37.369747197251485
5.5,-75.18875477686178,37.3746007421706
5.51,-75.17137986869845,37.328932305929094
5.5200000000000005,-75.15464207385179,37.240504950261084
5.53,-75.13851775156405,37.11564476525632
5.54,-75.12298137652762,36.959468014704925
5.55,-75.10800643579745,36.77609557379828
5.5600000000000005,-75.09356611899646,36.56884401742399
5.57,-75.07963383321054,36.34038898651345
5.58,-75.06618357426046,36.09290058493596
5.59,-75.05319018365084,35.828152967461
5.6000000000000005,-75.04062951675336,35.54761144460012
5.61,-75.02847854359355,35.252500775991294
5.62,-75.01671539953999,34.943858182733344
5.63,-75.00531939954509,34.622574217642395
5.64,-74.99427102648511,34.289424145640695
5.65,-74.98355190160842,33.945091996572664
5.66,-74.97314474308274,33.59018900808669
5.67,-74.96303331706125,33.22526779706572
5.68,-74.95320238448693,32.85083328803511
5.69,-74.94363764594817,32.467351180839486
5.7,-74.93432568622278,32.075254548661874
5.71,-74.9252539196481,31.67494901123811
5.72,-74.91641053708769,31.266816817576885
5.73,-74.90778445499826,30.85122008958166
5.74,-74.89936526690661,30.4285034160852
5.75,-74.89114319746749,29.998995940728637
5.76,-74.88310905917395,29.56301305281526
5.7700000000000005,-74.87525421172192,29.120857764691348
5.78,-74.86757052398207,28.672821840069606
5.79,-74.86005033849888,28.219186723324597
5.8,-74.85268643841573,27.760224308910118
5.8100000000000005,-74.84547201671063,27.296197581764186
5.82,-74.83840064762032,26.827361153211253
5.83,-74.83146626012712,26.353961711955517
5.84,-74.82466311338283,25.876238405926316
5.8500000000000005,-74.817985773946,25.394423167723446
5.86,-74.81142909471258,24.908740994022875
5.87,-74.80498819542437,24.419410187397403
5.88,-74.79865844464521,23.926642567474495
5.89,-74.79243544310003,23.43064365711367
5.9,-74.7863150082782,22.931612848276824
5.91,-74.78029316020785,22.429743551439298
5.92,-74.77436610831425,21.92522333171128
5.93,-74.76853023928032,21.418234034279557
5.94,-74.76278210583331,20.90895190131666
5.95,-74.75711841638656,20.39754768212025
5.96,-74.75153602547043,19.884186737926292
5.97,-74.74603192489101,19.36902914257356
5.98,-74.74060323555987,18.85222977997554
5.99,-74.73524719994212,18.333938439170947
6.0,-74.72996117507402,17.81429990757006
6.01,-74.72474262610521,17.29345406288579
6.0200000000000005,-74.71958912032372,16.771535964131456
6.03,-74.71449832162548,16.248675941978618
6.04,-74.70946798539279,15.724999688694624
6.05,-74.70449595374895,15.200628347818688
6.0600000000000005,-74.69958015115907,14.675678603685304
6.07,-74.69471858034919,14.150262770862591
6.08,-74.68990931851803,13.624488883539712
6.09,-74.68515051381804,13.098460784870408
6.1000000000000005,-74.68044038208389,12.572278216257791
6.11,-74.67577720378856,12.046036906548375
6.12,-74.67115932120876,11.519828661089552
6.13,-74.66658513578274,10.993741450594412
6.140000000000001,-74.66205310564497,10.46785949974979
6.15,-74.65756174332377,9.942263375497738
6.16,-74.65310961358836,9.417030074916468
6.17,-74.64869533143386,8.89223311262436
6.18,-74.64431756019283,8.367942607629004
6.19,-74.63997500976352,7.844225369542725
6.2,-74.6356664349454,7.321144984086232
6.21,-74.63139063387369,6.798761897802542
6.22,-74.62714644654486,6.277133501904508
6.23,-74.62293275342618,5.7563142151805256
6.24,-74.61874847414282,5.236355565884479
6.25,-74.61459256623627,4.717306272537522
6.26,-74.610464023989,4.199212323570832
6.2700000000000005,-74.60636187731004,3.6821170557399916
6.28,-74.60228519067716,3.1660612312429333
6.29,-74.59823306213138,2.651083113474729
6.3,-74.59420462232008,2.137218541353377
6.3100000000000005,-74.59019903358524,1.62450100215168
6.32,-74.58621548909375,1.1129617027707397
6.33,-74.58225321200688,0.6026296393910406
6.34,-74.57831145468637,0.09353166543698066
6.3500000000000005,-74.57438949793494,-0.4143074422094253
6.36,-74.57048665026895,-0.920864918810523
6.37,-74.56660224722151,-1.4261199492563201
6.38,-74.56273565067438,-1.9300536074958505
6.390000000000001,-74.55888624821706,-2.4326487979846645
6.4,-74.55505345253201,-2.9338901992181694
6.41,-74.55123670080461,-3.4337642094223653
6.42,-74.54743545415718,-3.932258894475628
6.43,-74.54364919710603,-4.429363938137458
6.44,-74.53987743704099,-4.925070594662669
6.45,-74.5361197037268,-5.419371643882007
6.46,-74.53237554882608,-5.912261348833087
6.47,-74.52864454544346,-6.403735416028221
6.48,-74.52492628769069,-6.893790958448826
6.49,-74.52122039027289,-7.382426461358761
6.5,-74.51752648809565,-7.869641751032039
6.51,-74.51384423589346,-8.355437966492985
6.5200000000000005,-74.51017330787944,-8.83981753436966
6.53,-74.50651339741698,-9.322784146963787
6.54,-74.50286421671356,-9.804342743642593
6.55,-74.4992254965373,-10.284499495659896
6.5600000000000005,-74.495596985957,-10.7632617945153
6.57,-74.49197845210612,-11.240638243961307
6.58,-74.48836967997188,-11.716638655768849
6.59,-74.48477047220993,-12.191274049361617
6.6000000000000005,-74.48118064898584,-12.664556655428868
6.61,-74.47760004784432,-13.136499923625093
6.62,-74.47402852360723,-13.607118534462614
6.63,-74.4704659483017,-14.07642841550031
6.640000000000001,-74.46691221111931,-14.544446761927627
6.65,-74.4633672184079,-15.01119206163824
6.66,-74.45983089369713,-15.476684124881828
6.67,-74.45630317775932,-15.940944118575507
6.68,-74.45278402870686,-16.40399460534854
6.69,-74.44927342212772,-16.86585958738476
6.7,-74.44577135126059,-17.32656455511711
6.71,-74.4422778272111,-17.7861365408172
6.72,-74.43879287921058,-18.24460417711063
6.73,-74.43531655491908,-18.70199776043509
6.74,-74.431848920774,-19.158349319443875
6.75,-74.42839006238597,-19.613692688341747
6.76,-74.4249400849834,-20.06806358512368
6.7700000000000005,-74.42149911390729,-20.521499694669366
6.78,-74.41806729515756,-20.974040756628103
6.79,-74.4146447959925,-21.425728658009504
6.8,-74.41123180558256,-21.87660753037551
6.8100000000000005,-74.40782853571967,-22.32672385150852
6.82,-74.4044352215835,-22.77612655140905
6.83,-74.4010521225655,-23.224867122454416
6.84,-74.39767952315198,-23.67299973352706
6.8500000000000005,-74.39431773386683,-24.120581347897787
6.86,-74.3909670922749,-24.567671844624872
6.87,-74.38762796404659,-25.014334143204703
6.88,-74.38430074408393,-25.460634331183396
6.890000000000001,-74.38098585770892,-25.906641794410923
6.9,-74.37768376191377,-26.352429349589904
6.91,-74.3743949466734,-26.79807337873955
6.92,-74.37111993631983,-27.243653965160973
6.93,-74.36785929097788,-27.6892550304526
6.94,-74.36461360806173,-28.134964472082718
6.95,-74.36138352383128,-28.58087430098
6.96,-74.35816971500701,-29.027080778550335
6.97,-74.35497290044201,-29.473684552469187
6.98,-74.35179384284908,-29.92079079053103
6.99,-74.34863335058087,-30.36850931176011
7.0,-74.34549227946029,-30.816954713897996
7.01,-74.34237153465808,-31.26624649628146
7.0200000000000005,-74.33927207261401,-31.71650917700713
7.03,-74.33619490299729,-32.16787240314469
7.04,-74.33314109070162,-32.62047105260632
7.05,-74.33011175786895,-33.074445326103145
7.0600000000000005,-74.32710808593579,-33.52994082741801
7.07,-74.32413131769452,-33.98710862999385
7.08,-74.32118275936122,-34.44610532757606
7.09,-74.31826378264043,-34.90709306635184
7.1000000000000005,-74.31537582677568,-35.37023955569593
7.11,-74.31252040057322,-35.83571805425782
7.12,-74.30969908438446,-36.303707327705425
7.13,-74.30691353203068,-36.77439157397267
7.140000000000001,-74.3041654726514,-37.247960311338176
7.15,-74.30145671245515,-37.72460822408784
7.16,-74.29878913634828,-38.20453495988187
7.17,-74.2961647094149,-38.687944872254796
7.18,-74.29358547821668,-39.17504670092461
7.19,-74.29105357187771,-39.666053181773684
7.2,-74.28857120291502,-40.161180577491734
7.21,-74.28614066777061,-40.66064811894341
7.22,-74.28376434699511,-41.16467734634637
7.23,-74.28144470502778,-41.67349133832995
7.24,-74.27918428951051,-42.18731381590404
7.25,-74.2769857300671,-42.706368107321374
7.26,-74.2748517364712,-43.23087595879035
7.2700000000000005,-74.27278509611847,-43.761056175023185
7.28,-74.27078867070982,-44.29712307272811
7.29,-74.26886539204426,-44.8392847294287
7.3,-74.26701825681016,-45.387741009484294
7.3100000000000005,-74.26525032025476,-45.94268134897458
7.32,-74.26356468860259,-46.50428228129585
7.33,-74.26196451008444,-47.07270468601347
7.34,-74.26045296443043,-47.64809074486038
7.3500000000000005,-74.25903325067317,-48.230560590922614
7.36,-74.25770857310185,-48.82020864018932
7.37,-74.256482125204,-49.417099598965095
7.38,-74.25535707143145,-50.02126414636393
7.390000000000001,-74.25433652662976,-50.63269429845589
7.4,-74.25342353297829,-51.25133846985255
7.41,-74.25262103430141,-51.877096259820256
7.42,-74.25193184763201,-52.509813003598296
7.43,-74.25135863193732,-53.14927414562156
7.44,-74.25090385395555,-53.7951995098702
7.45,-74.25056975114155,-54.44723756354184
7.46,-74.25035829178215,-55.10495979345041
7.47,-74.25027113241731,-55.76785533956976
7.48,-74.25030957279391,-56.43532605626137
7.49,-74.25047450868392,-57.10668219792977
7.5,-74.25076638301883,-57.78113895074242
7.51,-74.25118513592511,-58.45781405383422
7.5200000000000005,-74.25173015439009,-59.135726769888656
7.53,-74.2524002224386,-59.81379847357642
7.54,-74.25319347285496,-60.49085512419986
7.55,-74.25410734163262,-61.165631873095016
7.5600000000000005,-74.25513852646841,-61.836780024088156
7.57,-74.25628295072875,-62.50287651427532
7.58,-74.25753573438845,-63.162436011158135
7.59,-74.25889117346915,-63.81392563061961
7.6000000000000005,-74.26034272946853,-64.45578217001365
7.61,-74.26188303016596,-65.08643162553965
7.62,-74.26350388300416,-65.70431062915058
7.63,-74.26519630197828,-66.3078893058104
7.640000000000001,-74.2669505486139,-66.89569492712616
7.65,-74.26875618719309,-67.46633563347451
7.66,-74.27060215390765,-68.01852342494911
7.67,-74.27247683910494,-68.55109559164958
7.68,-74.27436818127084,-69.06303377312256
7.69,-74.27626377090054,-69.55347990822317
7.7,-74.27815096197389,-70.02174845847165
7.71,-74.28001698840934,-70.46733445315125
7.72,-74.2818490826452,-70.88991710125134
7.73,-74.28363459340702,-71.28935892869677
7.74,-74.2853610997722,-71.66570061212097
7.75,-74.28701651883318,-72.01915187596278
7.76,-74.28858920457374,-72.35007898332452
7.7700000000000005,-74.29006803598521,-72.65898947206296
7.78,-74.29144249292881,-72.94651486003679
7.79,-74.29270271876437,-73.21339206641709
7.8,-74.29383956928051,-73.46044427321637
7.8100000000000005,-74.29484464794615,-73.6885618900863
7.82,-74.29571032793548,-73.89868419567264
7.83,-74.29642976173842,-74.09178212103048
7.84,-74.29699687944913,-74.26884252510368
7.8500000000000005,-74.29740637702122,-74.43085419807723
7.86,-74.29765369589467,-74.57879572263793
7.87,-74.29773499544325,-74.71362523078884
7.88,-74.29764711967354,-74.83627201770136
7.890000000000001,-74.2973875595399,-74.94762991515064
7.9,-74.29695441213634,-75.0485522848847
7.91,-74.29634633789888,-75.13984846530475
7.92,-74.29556251681018,-75.222281490922
7.930000000000001,-74.29460260445242,-75.29656690075737
7.94,-74.29346668861002,-75.36337245669786
7.95,-74.29215524698746,-75.42331860352294
7.96,-74.2906691064819,-75.47697951685832
7.97,-74.28900940433805,-75.52488460203675
7.98,-74.28717755141464,-75.56752032443512
7.99,-74.28517519770818,-75.6053322693303
8.0,-74.28300420020987,-75.63872734598613
8.01,-74.28066659311456,-75.66807606610746
8.02,-74.27816456035534,-75.69371484072883
8.03,-74.2755004104026,-75.71594825195136
8.040000000000001,-74.27267655324043,-75.73505126672151
8.05,-74.26969547941506,-75.75127136915577
8.06,-74.26655974103868,-75.76483059590656
8.07,-74.26327193462565,-75.77592746592002
8.08,-74.25983468563693,-75.78473880185375
8.09,-74.25625063461065,-75.79142144560922
8.1,-74.2525224247627,-75.79611387508933
8.11,-74.24865269094975,-75.79893773360584
8.120000000000001,-74.24464404989813,-75.7999992874938
8.13,-74.2404990916156,-75.79939083155915
8.14,-74.23622037191902,-75.79719206603087
8.15,-74.23181040602874,-75.79347147264068
8.16,-74.22727166320125,-75.78828772106425
8.17,-74.2226065623933,-75.78169113975129
8.18,-74.21781746897454,-75.77372528635809
8.19,-74.21290669252932,-75.76442865144269
8.2,-74.20787648581026,-75.7538365233043
8.21,-74.2027290449244,-75.74198303013239
8.22,-74.19746651084179,-75.72890335629072
8.23,-74.1920909723135,-75.71463610141656
8.24,-74.18660447026323,-75.69922571406052
8.25,-74.18100900367136,-75.6827248878247
8.26,-74.1753065368949,-75.66519676212548
8.27,-74.1694990082646,-75.64671672968542
8.28,-74.16358833967205,-75.62737362917824
8.290000000000001,-74.15757644671929,-75.60727010562547
8.3,-74.15146524886828,-75.58652196269888
8.31,-74.145256678923,-75.5652564137425
8.32,-74.13895269112948,-75.54360925655114
8.33,-74.13255526721072,-75.52172113440552
8.34,-74.12606641977632,-75.49973317737782
8.35,-74.11948819275322,-75.47778241511152
8.36,-74.11282265875134,-75.45599739171519
8.370000000000001,-74.10607191356509,-75.43449438426207
8.38,-74.09923806827369,-75.41337453443519
8.39,-74.09232323959795,-75.39272206891252
8.4,-74.08532953927315,-75.37260363740685
8.41,-74.0782590632,-75.35306866670257
8.42,-74.071113881051,-75.33415053536372
8.43,-74.0638960268654,-75.31586832592028
8.44,-74.05660749099212,-75.29822890671717
8.45,-74.04925021356904,-75.28122912380164
8.46,-74.04182607957587,-75.26485793057769
8.47,-74.03433691538451,-75.24909833660503
8.48,-74.02678448665306,-75.23392910720557
8.49,-74.0191704973685,-75.21932618677562
8.5,-74.01149658982982,-75.20526384874512
8.51,-74.00376434536963,-75.19171559436384
8.52,-73.99597528563248,-75.17865483273756
8.53,-73.98813087425299,-75.16605537811438
8.540000000000001,-73.98023251880488,-75.15389179958439
8.55,-73.9722815729181,-75.14213965496985
8.56,-73.96427933848453,-75.13077563612416
8.57,-73.95622706789257,-75.1197776480438
8.58,-73.94812596624726,-75.10912483967267
8.59,-73.9399771935451,-75.09879760031392
8.6,-73.93178186678281,-75.08877753225686
8.61,-73.92354106198653,-75.07904740756149
8.620000000000001,-73.9152558161537,-75.06959111485263
8.63,-73.90692712910376,-75.06039360037065
8.64,-73.89855596523638,-75.05144080631337
8.65,-73.89014325519854,-75.0427196086007
8.66,-73.88168989746245,-75.03421775552833
8.67,-73.87319675981774,-75.0259238082915
8.68,-73.86466468078142,-75.01782708400951
8.69,-73.8560944709297,-75.00991760162974
8.700000000000001,-73.84748691415595,-75.00218603091156
8.71,-73.83884276885868,-74.99462364456522
8.72,-73.83016276906382,-74.98722227353358
8.73,-73.8214476254852,-74.97997426534562
8.74,-73.81269802652699,-74.97287244543172
8.75,-73.80391463923162,-74.96591008126576
8.76,-73.79509811017685,-74.95908084918513
8.77,-73.78624906632491,-74.95237880373222
8.78,-73.77736811582697,-74.94579834935952
8.790000000000001,-73.76845584878555,-74.9393342143418
8.8,-73.7595128379778,-74.93298142674303
8.81,-73.75053963954183,-74.92673529229154
8.82,-73.74153679362867,-74.92059137402357
8.83,-73.73250482502179,-74.91454547356288
8.84,-73.72344424372635,-74.90859361391149
8.85,-73.71435554552995,-74.90273202363475
8.86,-73.70523921253668,-74.89695712233113
8.870000000000001,-73.69609571367604,-74.89126550728496
8.88,-73.68692550518827,-74.88565394120714
8.89,-73.67772903108747,-74.88011934097614
8.9,-73.66850672360384,-74.87465876729756
8.91,-73.65925900360621,-74.86926941520723
8.92,-73.64998628100602,-74.86394860534801
8.93,-73.64068895514383,-74.85869377595638
8.94,-73.63136741515926,-74.85350247549958
8.950000000000001,-73.62202204034536,-74.84837235590891
8.96,-73.61265320048815,-74.84330116635913
8.97,-73.60326125619233,-74.83828674754794
8.98,-73.5938465591936,-74.83332702643327
8.99,-73.58440945265858,-74.82842001138948
9.0,-73.5749502714728,-74.8235637877471
9.01,-73.56546934251739,-74.81875651368316
9.02,-73.55596698493507,-74.81399641643232
9.03,-73.54644351038597,-74.80928178879144
9.040000000000001,-73.53689922329377,-74.80461098589227
9.05,-73.52733442108257,-74.79998242221943
9.06,-73.51774939440503,-74.79539456885252
9.07,-73.50814442736208,-74.79084595091311
9.08,-73.4985197977147,-74.78633514519912
9.09,-73.48887577708804,-74.78186077799019
9.1,-73.47921263116821,-74.77742152300966
9.11,-73.4695306198922,-74.77301609952949
9.120000000000001,-73.45982999763105,-74.76864327060578
9.13,-73.45011101336672,-74.76430184143395
9.14,-73.44037391086275,-74.75999065781299
9.15,-73.43061892882916,-74.75570860470972
9.16,-73.42084630108172,-74.75145460491433
9.17,-73.41105625669579,-74.74722761777953
9.18,-73.40124902015502,-74.74302663803624
9.19,-73.39142481149513,-74.73885069467934
9.200000000000001,-73.38158384644285,-74.73469884991756
9.21,-73.37172633655031,-74.73057019818228
9.22,-73.36185248932505,-74.7264638651903
9.23,-73.35196250835571,-74.72237900705623
9.24,-73.34205659343375,-74.71831480945043
9.25,-73.33213494067114,-74.71427048679901
9.26,-73.3221977426143,-74.71024528152243
9.27,-73.31224518835444,-74.70623846330997
9.28,-73.30227746363424,-74.70224932842719
9.290000000000001,-73.29229475095134,-74.6982771990541
9.3,-73.28229722965841,-74.69432142265197
9.31,-73.27228507606011,-74.69038137135658
9.32,-73.26225846350701,-74.68645644139659
9.33,-73.25221756248655,-74.68254605253519
9.34,-73.2421625407112,-74.67864964753389
9.35,-73.23209356320386,-74.67476669163729
9.36,-73.22201079238059,-74.67089667207769
9.370000000000001,-73.21191438813081,-74.66703909759889
9.38,-73.20180450789505,-74.66319349799834
9.39,-73.19168130674025,-74.65935942368706
9.4,-73.18154493743286,-74.65553644526706
9.41,-73.17139555050957,-74.65172415312558
9.42,-73.16123329434603,-74.64792215704637
9.43,-73.15105831522341,-74.64413008583747
9.44,-73.14087075739297,-74.64034758697585
9.450000000000001,-73.13067076313874,-74.63657432626867
9.46,-73.1204584728382,-74.63280998753162
9.47,-73.11023402502128,-74.6290542722844
9.48,-73.09999755642765,-74.62530689946394
9.49,-73.08974920206212,-74.62156760515549
9.5,-73.07948909524865,-74.61783614234245
9.51,-73.06921736768264,-74.61411228067534
9.52,-73.0589341494818,-74.61039580626067
9.53,-73.04863956923553,-74.60668652147048
9.540000000000001,-73.03833375405293,-74.60298424477347
9.55,-73.02801682960941,-74.59928881058846
9.56,-73.01768892019213,-74.5956000691614
9.57,-73.00735014874407,-74.5919178864668
9.58,-72.99700063690702,-74.58824214413482
9.59,-72.98664050506336,-74.58457273940515
9.6,-72.97626987237685,-74.58090958510893
9.61,-72.96588885683228,-74.57725260968007
9.620000000000001,-72.95549757527422,-74.57360175719722
9.63,-72.94509614344484,-74.56995698745783
9.64,-72.93468467602078,-74.56631827608577
9.65,-72.92426328664924,-74.56268561467398
9.66,-72.91383208798328,-74.5590590109636
9.67,-72.90339119171638,-74.55543848906109
9.68,-72.89294070861631,-74.55182408969505
9.69,-72.88248074855834,-74.54821587051406
9.700000000000001,-72.8720114205579,-74.54461390642729
9.71,-72.86153283280267,-74.54101828998932
9.72,-72.85104509268419,-74.53742913183082
9.73,-72.84054830682902,-74.53384656113639
9.74,-72.83004258112952,-74.53027072617131
9.75,-72.81952802077423,-74.52670179485855
9.76,-72.809004730278,-74.52313995540726
9.77,-72.79847281351189,-74.51958541699437
9.78,-72.78793237373279,-74.51603841050036
9.790000000000001,-72.77738351361295,-74.51249918930037
9.8,-72.76682633526939,-74.508968030112
9.81,-72.75626094029325,-74.50544523390039
9.82,-72.74568742977912,-74.50193112684181
9.83,-72.73510590435447,-74.49842606134636
9.84,-72.72451646420902,-74.49493041714038
9.85,-72.71391920912443,-74.4914446024091
9.86,-72.70331423850406,-74.4879690549999
9.870000000000001,-72.69270165140297,-74.48450424368616
9.88,-72.6820815465582,-74.48105066949186
9.89,-72.6714540224194,-74.47760886707654
9.9,-72.66081917717976,-74.47417940618018
9.91,-72.65017710880741,-74.47076289312749
9.92,-72.63952791507721,-74.46735997239031
9.93,-72.62887169360309,-74.46397132820734
9.94,-72.61820854187083,-74.46059768625918
9.950000000000001,-72.60753855727151,-74.45723981539726
9.96,-72.59686183713548,-74.45389852942405
9.97,-72.58617847876698,-74.45057468892212
9.98,-72.5754885794795,-74.44726920312876
9.99,-72.56479223663169,-74.4439830318526
